Code,ParentCode,Type,Name,Report,Clause,DefaultSectionsCodes0,DefaultSectionsCodes1,DefaultSectionsCodes2
room,,room,Комната ,,,"ceiling, concrete-walls, floor, pvh-window, alluminium-window, heat","ceiling, concrete-walls, floor, pvh-window, alluminium-window, heat, otkos, electricity","stretch-ceiling, gkl-celling, paint-walls, walls-with-wallpaper, floor-wood, otkos, pvh-window, alluminium-window, heat, electricity, room-door"
toilet,,room,Туалет,,,"ceiling, concrete-walls, floor, air, water, electricity","ceiling, concrete-walls, floor, air, water, electricity","stretch-ceiling, gkl-celling, wall-tiles, floor-keramica, electricity, room-door, air, water"
kitchen,,room,Кухня,,,"ceiling, concrete-walls, floor, pvh-window, alluminium-window, heat, air, water","ceiling, concrete-walls, floor, pvh-window, alluminium-window, heat, air, water, otkos, electricity","stretch-ceiling, gkl-celling, paint-walls, walls-with-wallpaper, floor-wood, floor-keramica, otkos, pvh-window, alluminium-window, heat, electricity, room-door, water, air"
bathroom,,room,Ванная,,,"ceiling, concrete-walls, floor, air, water, electricity","ceiling, concrete-walls, floor, air, water, electricity","stretch-ceiling, gkl-celling, wall-tiles, floor-keramica, electricity, room-door, air, water"
balcony-loggia,,room,Балкон/Лоджия,,,"ceiling, concrete-walls, floor, pvh-window, otkos, alluminium-window","ceiling, concrete-walls, floor, pvh-window, alluminium-window, otkos, electricity","paint-walls, floor-keramica, otkos, pvh-window, alluminium-window"
pantry,,room,Кладовка ,,,"ceiling, concrete-walls, floor","ceiling, concrete-walls, floor, electricity","stretch-ceiling, gkl-celling, paint-walls, walls-with-wallpaper, floor-wood, electricity, room-door"
corridor,,room,Коридор ,,,"ceiling, concrete-walls, floor, main-door, electricity","ceiling, concrete-walls, floor, main-door, electricity","stretch-ceiling, gkl-celling, paint-walls, walls-with-wallpaper, floor-wood,  floor-keramica, electricity, main-door"
general,,room,Общее,,,common,common,common
ceiling,,section,Потолок. Без отделки,Потолок черновой,,,,
ceiling-traces-of-leaks,ceiling,check,Следы протечки,Наличие следов протечки на монолитном перекрытии потолка,,,,
ceiling-exposure-of-reinforcement,ceiling,check,Обнажение арматуры,Обнажение рабочей арматуры на монолитном перекрытии потолка,"Нарушение требований СП 70.13330.2012, п. 5.18.4. На бетонных поверхностях не допускается обнажение арматуры",,,
ceiling-cracks,ceiling,check,Трещины,"Трещины шириной раскрытия более 0,2мм на монолитном перекрытии потолка","Нарушение требований СП 70.13330.2012, п. 5.18.4. На бетонных поверхностях не допускаются трещины шириной раскрытия более 0,2мм",,,
ceiling-deviation-of-the-horizontal-plane,ceiling,check,Отклонение горизонтальной плоскости,Отклонение горизонтальной плоскостеи на монолитном перекрытии потолка на весь выверяемый участок более 20мм,"Нарушение требований СП 70.13330.2012, табл. 5.12. Отклонение горизонтальных плоскостей на весь выверяемый участок не более 20мм",,,
"ceiling-openings-from-formwork,-cranes,-crane",ceiling,check,"отверстия от опалубки, тяжи, крана",Не заделаны сквозные отверстия на монолитном перекрытии потолка,,,,
stretch-ceiling,,section,Потолок. Натяжной,Потолок натяжной,,,,
"stretch-ceiling-damage-(tears,-scratches)",stretch-ceiling,check,"Повреждения (разрывы, царапины)","Механические повреждения потолочного полотна (отверстия, царапины)","Нарушение требований СП 71.13330.2017, 7.8.2 Поверхность натяжного потолка должна иметь однородный цвет, быть ровной, без складок, разрывов, трещин, следов и отпечатков использованных материалов.",,,
"stretch-ceiling-folds,-wrinkles",stretch-ceiling,check,"Складки, морщины",Наличие складок на поверхности натяжного потолка,"Нарушение требований СП 71.13330.2017, 7.8.2 Поверхность натяжного потолка должна иметь однородный цвет, быть ровной, без складок, разрывов, трещин, следов и отпечатков использованных материалов.",,,
"stretch-ceiling-there-are-no-skirting-boards,-profile-plugs",stretch-ceiling,check,"Отсутствуют плинтусы, заглушки профиля","Зазор между полотном потолка и поверхностью стены, отсутствует потолочный молдинг","Нарушение требований СП 71.13330.2017, 7.8.2 Не должно быть щелей между стенами и потолком.",,,
stretch-ceiling-communications-over-the-ceiling-are-visible,stretch-ceiling,check,Видны коммуникации над потолком,Над натяжным потолком видны инженерные коммуникации,"Нарушение требований СП 71.13330.2017, 7.8.2 Поверхность натяжного потолка должна иметь однородный цвет, быть ровной.",,,
stretch-ceiling-pollution,stretch-ceiling,check,Загрязнение,Загрязнение на полотне натяжного полотна,"Нарушение требований СП 71.13330.2017, 7.8.2 Поверхность натяжного потолка должна иметь однородный цвет, быть ровной, без складок, разрывов, трещин, следов и отпечатков использованных материалов.",,,
stretch-ceiling-retracting-the-stretch-ceiling,stretch-ceiling,check,Втягивание натяжного потолка,"Втягивание потолка при открытии окон, видны коммуникации на полотне натяжного потолка","Нарушение требований СП 71.13330.2017, 7.8.1 Устройство натяжных потолков необходимо проводить после выполнения электромонтажных работ (разводка электроснабжения для люстр, точечных потолочных светильников и пр.), монтажа систем вентиляции и кондиционирования воздуха, разводки слаботочных систем, разметки поверхности, монтажа и крепления всех элементов каркаса (в соответствии с ППР), проверки горизонтальности его плоскости и соответствия отметкам. 7.8.2 Поверхность натяжного потолка должна иметь однородный цвет, быть ровной, без складок, разрывов, трещин, следов и отпечатков использованных материалов. Не должно быть щелей между стенами и потолком.",,,
stretch-ceiling-there-is-no-thermal-roller-in-the-holes-of-the-pipes-chandeliers,stretch-ceiling,check,"Отсутствует термокольцо в отверстиях труб, люстр",Отсутствует термокольцо по контуру отверстия натяжного потолка,"Нарушение требований СП 71.13330.2017, 7.8.3 В местах расположения осветительных приборов (люстр, точечных светильников и пр.), вентиляционных решёток и других местах где необходимо устройство отверстий по контуру отверстия следует наклеивать на внутреннюю сторону полотна термокольцо для усиления материала.",,,
stretch-ceiling-there-are-no-plastic-rings-in-the-place-of-the-risers-tso,stretch-ceiling,check,Отсутствуют пластиковые кольца в месте стояков ЦО,В месте прохода труб отопления отсутствуют декоративные пластиковые обводки,"Нарушение требований СП 71.13330.2017, 7.8.3 Разрезы в месте прохода труб отопления должны быть полностью закрыты декоративными пластиковыми обводами.",,,
gkl-celling,,section,Потолок. ГКЛ,Потолок ГКЛ,,,,
gkl-celling-damage-to-gkl-sheets,gkl-celling,check,Повреждение листов ГКЛ,"Механические повреждения, сколы листов гипсокартна на потолке","Нарушение требований СП 163.1325800.2014, приложение К.2 При приемке работ по монтажу перегородок, облицовок и потолков следует проверять отсутствие трещин, отбитых углов, вздутий, надрывов картона (для конструкций с обшивкой из гипсокартонных листов)",,,
gkl-celling-deviation-of-the-horizontal-plane,gkl-celling,check,Отклонение горизонтальной плоскости,Отклонение горизонтальной плоскости КГЛ потолка свыше 1.5мм/1метр,"Нарушение требований СП 71.13330.2017, Таблица 7.8 Отклонение плоскости всего поля отделки по диагонали, вертикали и горизонтали (от проектной) на 1 м длины не более 1,5 мм",,,
gkl-celling-swations-between-adjacent-sheets-of-gkl,gkl-celling,check,Перепады между смежными листами ГКЛ,"Перепады между смежными листами ГКЛ на потолке свыше 0,5мм","Нарушение требований СП 163.1325800.2014, ПРИЛОЖЕНИЕ К.2 Перепады между смежными листами не должны превышать 0,5 мм.",,,
gkl-celling-shadows-from-lateral-light,gkl-celling,check,Тени от бокового света,Тени от бокового света на плоскости потолка,"Нарушение требований СП 71.13330.2017, Таблица 7.5 Тени от бокового света не допускаются (сплошная визуальная оценка с помощью ручного бокового светильника)",,,
"gkl-celling-scratches,-shells,-bullying-on-putty",gkl-celling,check,"Царапины, раковины, задиры на шпаклевке","На поверхности потолка на шпаклевке присутствуют царапины, раковины, задиры","Нарушение требований СП 71.13330.2017, Таблица 7.5 Не допускается наличие царапин, раковин, задиров, следов от инструмента (сплошной визуальный осмотр).",,,
gkl-celling-poor--quality-painting,gkl-celling,check,Некачественная покраска,"Некачественная покраска потолка (Полосы, пятна, подтеки, мусор, брызги, исправления, выделяющиеся на общем фоне)","Нарушение требований СП 71.13330.2017, таблица 7.7 Полосы, пятна, подтеки, брызги, исправления, выделяющиеся на общем фоне - не допускаются для жилых и общественных помещений.",,,
gkl-celling-cracks-on-the-ceiling,gkl-celling,check,Трещины на потолке,Трещины на потолке,"Нарушение требований СП 163.1325800.2014, К.2 При приемке работ по монтажу перегородок, облицовок и потолков следует проверять отсутствие трещин, отбитых углов, вздутий, надрывов картона (для конструкций с обшивкой из гипсокартонных листов).",,,
gkl-celling-cracks-in-the-adjacency-to-the-wall,gkl-celling,check,Трещины в примыкании к стене,Трещины в примыкании потолка к стене,"Нарушение требований СП 163.1325800.2014, К.2 При приемке работ по монтажу перегородок, облицовок и потолков следует проверять отсутствие трещин, отбитых углов, вздутий, надрывов картона (для конструкций с обшивкой из гипсокартонных листов).",,,
concrete-walls,,section,Стены. Без отделки,Стены черновые,,,,
concrete-walls-block-deviation-of-the-wall,concrete-walls,check,Блок. Отклонение стены,Отклонение от вертикальной плоскости стены из кладки свыше 10мм на всю высоту,"Нарушение требований СП 70.13330.2012, Таблица 9.8 Отклонения поверхностей и углов кладки от вертикали: на один этаж не более 10мм",,,
concrete-walls-monolith-deviation-of-the-wall,concrete-walls,check,Монолит. Отклонение стены,Отклонение от вертикальной плоскости ЖБ стены (пиллона) свыше 15мм на всю высоту,"Нарушение требований СП 70.13330.2012, Таблица 5.12 Отклонение стен и колонн, поддерживающих монолитные покрытия и перекрытия не более 15 мм.",,,
concrete-walls-pgb-deviation-of-the-wall,concrete-walls,check,ПГБ. Отклонение стены,Отклонение от вертикальной плоскости стены из ПГБ свыше 1мм/м или 10мм на всю высоту,"Нарушение требований СП 55-103-2004, Таблица 10.1 Отклонения плоскости конструкций по вертикали для улучшенной отделки не более 1мм/1м, и не более 10мм на всю высоту",,,
concrete-walls-gkl-deviation-of-the-partition,concrete-walls,check,ГКЛ. Отклонение перегородки,Отклонение от вертикальной плоскости ГКЛ перегородки свыше 1мм/м,"Нарушение требований СП 163.1325800.2014, таблица К.1 Отклонение от вертикальности: поверхности перегородок и облицовок не более 1мм на 1 метр высоты",,,
concrete-walls-deformation-seam-less-than-30mm,concrete-walls,check,Деформационный шов менее 30мм,"Горизонтальный деформационный шов под плитой перекрытия (ригелем, балкой) менее 30мм","Нарушение требований СП 70.13330.2012, 9.4.5 кладка навесный стен каждого этажа заканчивается устройством горизонтального деформационного шва толщиной 30мм под плитой перекрытия (ригелем, балкой).",,,
concrete-walls-poster-mowls,concrete-walls,check,Пустоты в кладочных швах,"Не заполнены раствором кладочные швы (зазоры на просвет, пустоты)","Нарушение требований СП 70.13330.2012, 9.2.5 Горизонтальные и поперечные вертикальные швы кирпичной кладки стен, а также швы (горизонтальные, поперечные и продольные вертикальные) в перемычках, простенках и столбах следует заполнять раствором.",,,
concrete-walls-cracks-in-the-places-of-adjustment-of-the-block-and-monolith,concrete-walls,check,Трещины в местах примыкания блока и монолита,Трещины в месте примыкания кладки с ж/б конструкциями,"Нарушение требований СП 70.13330.2012, 9.2.5 Горизонтальные и поперечные вертикальные швы кирпичной кладки стен, а также швы (горизонтальные, поперечные и продольные вертикальные) в перемычках, простенках и столбах следует заполнять раствором.",,,
concrete-walls-there-is-no-jumper,concrete-walls,check,Отсутствует перемычка,В проеме стены из кладки отсутствет устройство перемычки,"Нарушение требований СП 70.13330.2012,9.2.8 Стальную арматуру рядовых кирпичных перемычек следует укладывать по опалубке в слое раствора толщиной 30 мм под нижний ряд кирпичей. Число стержней устанавливается проектом, но должно быть не менее трех. Гладкие стержни для армирования перемычек должны иметь диаметр не менее 6 мм, заканчиваться крюками (отгибами) и заделываться в простенки не менее чем на 25 см. Стержни периодического профиля крюками не отгибаются.",,,
"concrete-walls-horizontal-seams-12mm-(-2,+3)",concrete-walls,check,"Горизонтальные швы 12мм (-2,+3)","Толщина горизонтальных кладочных швов не соответствует 12мм (-2мм, +3мм)","Нарушение требований СП 70.13330.2012,9.2.4 Толщина горизонтальных швов кладки из кирпича и камней правильной формы должна составлять 12 мм, Таблица 9.8 Тощина горизонтальных швов кладки -2;+3",,,
"concrete-walls-vertical-seams-10mm-(2-,+2)",concrete-walls,check,"Вертикальные швы 10мм (2-,+2)","Толщина вертикальных кладочных швов не соответствует 10мм (-2мм, +2мм)","Нарушение требований СП 70.13330.2012,9.2.4 Толщина вертикальных швов кладки из кирпича и камней правильной формы должна составлять 10 мм., Таблица 9.8 Тощина вертикальных швов кладки -2;+2",,,
concrete-walls-exclamation-of-plaster-(voids),concrete-walls,check,Отслоение штукатурки (пустоты),Пустоты под поверхностью штукатурного слоя,"Нарушение требований СП 71.13330.2017, 7.3.5 Основание на которое наносят шпатлевочный состав, должно быть чистым, сухим и прочным.",,,
concrete-walls-lighthouses-from-plaster-are-not-removed,concrete-walls,check,Не удалены маяки из штукатурки,Не удалены штукатурные маяки из штукатурки,"Нарушение требований СП 71.13330.2017, п. 7.2.11 Если иное не предусмотрено проектом или рекомендациями изготовителя смеси, во время проведения или по завершении штукатурных работ маяки необходимо удалить и восстановить целостность поверхности штукатуркой того же состава.",,,
concrete-walls-plaster-deviation-from-the-plane,concrete-walls,check,Штукатурка. Отклонение от плоскости,Отклонение плоскости оштукатуренно стены свыше 2мм/1метр или более 10мм на всю высоту,"Нарушение требований СП 71.13330.2017 Таблица 7.4 Отклонение оштукатуренных поверхностей от вертикали допускается не более 2 мм на 1 м, но не более 10 мм на всю высоту помещения.",,,
concrete-walls-the-difference-is-over-4mon,concrete-walls,check,Перепад свыше 4˚C,Температурный перепад на ограждающей конструкции свыше 4˚C,Нарушение требований СП 50.13330.2012 Таблица 5 Нормируемый температурный перепад для жилых помещений между температурой внутреннего воздуха и температурой внутренней поверхности ограждающей конструкции (наружных стен) составляет 4 °C.,,,
concrete-walls-mold,concrete-walls,check,Плесень,Очаги плесени на стенах,"Нарушение требований ГОСТ 30494-2011, таблица 1 не соблюдены оптимальные и допустимые нормы температуры, относительной влажности и скорости движения воздуха",,,
concrete-walls-monolith-deviation-of-the-slope,concrete-walls,check,Монолит. Отклонение откоса,"Отклонение размеров оконных, дверных и других проемов свыше 12мм на всю высоту","Нарушение требований СП 70.13330.2012, Таблица 5.12 Отклонение размеров оконных, дверных и других проемов не более 12 мм.",,,
concrete-walls-block-deviation-of-the-slope,concrete-walls,check,Блок. Отклонение откоса,Отклонение от вертикальной плоскости откоса из кладки свыше 10мм на всю высоту,"Нарушение требований СП 70.13330.2012, Таблица 9.8 Отклонения поверхностей и углов кладки от вертикали: на один этаж не более 10мм",,,
paint-walls,,section,Стены. С покраской,Стены под покраску,,,,
paint-walls-exclamation-of-plaster-(voids),paint-walls,check,Отслоение штукатурки (пустоты),Пустоты под поверхностью штукатурки на стене,"Нарушение требований СП 71.13330.2017, 7.3.5 Основание на которое наносят шпатлевочный состав, должно быть чистым, сухим и прочным.",,,
paint-walls-deviation-from-the-vertical,paint-walls,check,Отклонение от вертикали,"Отклонение от вертикали стены более 2 мм на 1 м, или более 10мм на всю высоту","Нарушение требований СП 71.13330.2017 Таблица 7.4 Отклонение оштукатуренных поверхностей от вертикали допускается не более 2 мм на 1 м, но не более 10 мм на всю высоту помещения",,,
paint-walls-defects-on-the-surface,paint-walls,check,Дефекты на поверхности,"Наличие царапин, раковин, задиров, следов от инструмента на поверхности стены","Нарушение требований СП 71.13330.2017 Таблица 7.5 Не допускается наличие царапин, раковин, задиров, следов от инструмента (сплошной визуальный осмотр). Тени от бокового света не допускаются (сплошная визуальная оценка с помощью ручного бокового светильника)",,,
paint-walls-shadows-from-lateral-light,paint-walls,check,Тени от бокового света,Тени от бокового света на поверхности стены,Нарушение трубований СП 71.13330.2017 Таблица 7.5 Тени от бокового света не допускаются (сплошная визуальная оценка с помощью ручного бокового светильника),,,
paint-walls-walls-of-walls-and-skirting-boards,paint-walls,check,Зазоры стены и плинтуса,Зазоры и щели между плинтусом и стеной (перегородкой),"Нарушение трубований СП 71.13330.2017 Таблица 8.15 Зазоры и щели между плинтусами и покрытием пола или стенами (перегородками), между смежными кромками полотнищ линолеума, ковров, рулонных материалов и плиток (ПВХ) - не допускаются",,,
paint-walls-poor--quality-painting,paint-walls,check,Некачественная покраска,"Некачественная покраска стены (Полосы, пятна, подтеки, мусор, брызги, исправления, выделяющиеся на общем фоне)","Нарушение требований СП 71.13330.2017, таблица 7.7 Полосы, пятна, подтеки, брызги, исправления, выделяющиеся на общем фоне - не допускаются для жилых и общественных помещений.",,,
paint-walls-mold,paint-walls,check,Плесень,Очаги плесени на стене,"Нарушение требований ГОСТ 30494-2011, таблица 1 не соблюдены оптимальные и допустимые нормы температуры, относительной влажности и скорости движения воздуха",,,
walls-with-wallpaper,,section,Стены. С обоями,Стены с обоями,,,,
walls-with-wallpaper-deviation-from-the-vertical,walls-with-wallpaper,check,Отклонение от вертикали,Отклонение от вертикали стены более 2 мм на 1 м или более 10мм на всю высоту,"Нарушение требований СП 71.13330.2017 Таблица 7.4 Отклонение оштукатуренных поверхностей от вертикали допускается не более 2 мм на 1 м, но не более 10 мм на всю высоту помещения",,,
walls-with-wallpaper-detachment-of-wallpaper,walls-with-wallpaper,check,Отслоение обоев,"Заломы, отслоение обойного полотна на поверхности стены","Нарушение требований СП 71.13330.2017 7.6.15 Приемку работ проводят путем визуального осмотра. При визуальном осмотре на поверхности, оклеенной обоями, не допускают воздушные пузыри, замятины, пятна и другие загрязнения, а также доклейки и отслоения.",,,
walls-with-wallpaper-garbage-under-the-wallpaper,walls-with-wallpaper,check,Мусор под обоями,"Мусор под обойным полотном, заломы обойного полотна на поверхности стены","Нарушение требований СП 71.13330.2017 7.6.15 Приемку работ проводят путем визуального осмотра. При визуальном осмотре на поверхности, оклеенной обоями, не допускают воздушные пузыри, замятины, пятна и другие загрязнения, а также доклейки и отслоения.",,,
walls-with-wallpaper-traces-of-leaks,walls-with-wallpaper,check,Следы протечки,"Следы протечки на стенах, вздутие обойного полотна на поверхности стены","Нарушение требований СП 71.13330.2017 7.6.15 Приемку работ проводят путем визуального осмотра. При визуальном осмотре на поверхности, оклеенной обоями, не допускают воздушные пузыри, замятины, пятна и другие загрязнения, а также доклейки и отслоения.",,,
walls-with-wallpaper-joints-of-paintings,walls-with-wallpaper,check,Стыки полотен,Читаемые стыки обойного полотна на поверхности стены,"Нарушение требований СП 71.13330.2017 7.6.15 Приемку работ проводят путем визуального осмотра. При визуальном осмотре на поверхности, оклеенной обоями, не допускают воздушные пузыри, замятины, пятна и другие загрязнения, а также доклейки и отслоения.",,,
walls-with-wallpaper-shadows-from-lateral-light,walls-with-wallpaper,check,Тени от бокового света,Тени от бокового света на поверхности стены оклееной обоями,"Нарушение требований СП 71.13330.2017 Таблица 7.5 Не допускается наличие царапин, раковин, задиров, следов от инструмента (сплошной визуальный осмотр). Тени от бокового света не допускаются (сплошная визуальная оценка с помощью ручного бокового светильника)",,,
walls-with-wallpaper-poor--quality-painting,walls-with-wallpaper,check,Некачественная покраска,"Некачественная покраска стены (Полосы, пятна, подтеки, мусор, брызги, исправления, выделяющиеся на общем фоне)","Нарушение требований СП 71.13330.2017, таблица 7.7 Полосы, пятна, подтеки, брызги, исправления, выделяющиеся на общем фоне - не допускаются для жилых и общественных помещений.",,,
walls-with-wallpaper-walls-of-walls-and-skirting-boards,walls-with-wallpaper,check,Зазоры стены и плинтуса,Зазоры и щели между плинтусом и стеной (перегородкой),"Нарушение трубований СП 71.13330.2017 Таблица 8.15 Зазоры и щели между плинтусами и покрытием пола или стенами (перегородками), между смежными кромками полотнищ линолеума, ковров, рулонных материалов и плиток (ПВХ) - не допускаются",,,
walls-with-wallpaper-mold,walls-with-wallpaper,check,Плесень,Очаги плесени на стене,"Нарушение требований ГОСТ 30494-2011, таблица 1 не соблюдены оптимальные и допустимые нормы температуры, относительной влажности и скорости движения воздуха",,,
wall-tiles,,section,Стены. Плитка,Стены облицованные плиткой,,,,
wall-tiles-deviation-from-the-plane,wall-tiles,check,Отклонение от плоскости,"Отклонение от вертикальной плоскости стены более 1,5мм на 1 м","Нарушение требований СП 71.13330.2017 Таблица 7.6 Отклонение от вертикали, из керамических, стеклокерамических и других изделий - внутренней облицовки, не более 1,5 мм на 1 м длины.",,,
wall-tiles-deviation-from-the-plane,wall-tiles,check,Отклонение от плоскости,"Отклонение расположения швов от вертикали и горизонтали более 1,5 мм на 1 м","Нарушение требований СП 71.13330.2017 Таблица 7.6 Отклонения расположения швов от вертикали и горизонталине более 1,5 мм на 1 м длины",,,
wall-tiles-deviation-from-the-plane,wall-tiles,check,Отклонение от плоскости,Неровность поверхности стены более 2 мм на 2 м,Нарушение требований СП 71.13330.2017 Таблица 7.6 Неровности плоскости облицовки (при контроле двухметровой рейкой) не более 2 мм на 2 м,,,
wall-tiles-different-width-of-the-seams,wall-tiles,check,Разная ширина швов,Межплиточные швы облицовки стен не равномерны; местами имеют разную ширину. Отклонения ширины швов превышают +/- 0.5 мм,Нарушение требований СП 71.13330.2017 Таблица 7.6 Отклонения ширины шва внутренней облицовки из керамических изделий не должны превышать более +/- 0.5 мм.,,,
wall-tiles-non--cash-grout,wall-tiles,check,Некачесвенная затирка,Наплывы в затирочных швах настенной плитки,"Нарушение требований СП 71.13330.2017, п. 7.4.13 Швы облицовки должны быть ровными, одинаковой ширины. Через сутки после твердения или полимеризации материалов (допускается сокращение технологической паузы, если это предусмотрено ППР или требованием производителя материала клеевой прослойки), применяемых для устройства облицовки, швы должны быть заполнены специальными шовными материалами (затирками) по ГОСТ Р 58271. Перед началом выполнения работ по заполнению швов облицовки необходимо убедиться в совместимости состава затирки с камнем облицовки.",,,
wall-tiles-voids-under-the-tile,wall-tiles,check,Пустоты под плиткой,Изменение характера звучания под настенной плиткой,"Нарушение требований СП 71.13330.2017 7.4.6 Клевой раствор наносят на стену равномерно гладкой теркой или шпателем, после чего выравнивают зубчатым шпателем [размер зубчатого шпателя выбирают исходя из размера облицовочного материала так, чтобы обеспечить беспустотное пространство между стеной и плиткой (камнем)]. Площадь участка должна быть такой, чтобы производитель работ смог закончить облицовку данного участка за время, не превышающее открытое время раствора",,,
wall-tiles-tile-coating-defect,wall-tiles,check,Дефект покрытия плитки,"Окалина, трещины и сколы на настенной плитке","Нарушение требований ГОСТ 13996-2019 6.1.3 Не менее 95% керамических плиток должны быть без видимых дефектов, влияющих на внешний вид лицевой поверхности. Перечень дефектов приведен в приложении В.",,,
floor,,section,Пол. Без отделки,Пол черновой,,,,
floor-concrete-deviation-from-horizontal,floor,check,Бетон. Отклонение от горизонтали,Отклонение плиты перекрытия от горизонтальной плоскости свыше 20мм на весь выверяемый участок,"Нарушение требований СП 70.13330.2012, талб 5.12 Отклонение горизонтальных плоскостей на весь выверяемый участок не более 20мм",,,
floor-screed-deviation-from-horizontal,floor,check,Стяжка. Отклонение от горизонтали,Отклонение стяжки от горизонтальной плоскости свыше 2мм/2м,"Нарушение требований сп 71.13330.2017, табл. 8.5 Просветы между контрольной двухметровой рейкой и проверяемой поверхностью элемента пола бетонных подстилающих слоев и стяжек под покрытия из линолеума, рулонных на основе синтетических волокон, поливинилхлоридных плиток, паркетных покрытий, ламината и мастичных полимерных материалов, стяжек и выравнивающих слоев под облицовку крупноформатной плиткой не более 2мм",,,
floor-reinforcing-issues-are-not-removed,floor,check,Не удалены арматурные выпуски,Не удалены арматурные выпуски,"Нарушение требований СП 70.13330.2012, п. 5.18.4. На бетонных поверхностях не допускается обнажение арматуры",,,
floor-conclusions-of-concrete,floor,check,Наплывы бетона,Наплывы бетона на плите перекрытия,"Нарушение требований СП 70.13330.2012, приложение Х Местные неровности (наплывы, выступы или впадины) - не допускаются",,,
floor-voids-under-the-screed,floor,check,Пустоты под стяжкой,Отсутствует сцепление стяжки с плитой перекрытия (пустоты),"Нарушение требований СП 29.133302011, п. 5.3 Прочность сцепления (адгезия) покрытий на основе цементного вяжущего на отрыв с бетонным основанием в возрасте 28 сут должна быть не менее 0,75 МПа.",,,
floor-lack-of-damper-tape,floor,check,Отсутствие демпферной ленты,Отсутствуют деформационные швы по периметру стяжки/в дверных проемах,"Нарушение требований СП 29.133302011, п. 8.14 В стяжках должны быть предусмотрены температурно-усадочные, деформационные и изолирующие швы.",,,
floor-lighthouses-are-not-removed,floor,check,Не удалены маяки,Не удалены маяки из стяжки,"Нарушение требований сп 71.13330.2017, п. 8.4.2а При выполнении стяжки на цементном или цементно-известковом вяжущем фиксация маяков гипсовыми материалами не допускается. Если иное не предусмотрено проектом, по завершении работ маяки необходимо удалить и восстановить целостность поверхности тем же раствором.",,,
floor-wood,,section,Пол. Ламинат/паркет,Пол ламинат/паркет,,,,
floor-wood-deviation-from-horizontal,floor-wood,check,Отклонение от горизонтали,Отклонение поверхности покрытия (ламинат/паркет) от плоскости свыше 2мм на 2 метра,"Нарушение требований СП 71.13330.2017, табл. 8.15 Отклонения поверхности покрытия от плоскости при проверке двухметровой контрольной рейкой поливинилацетатных, дощатых, паркетных покрытий (кроме ламинированных напольных покрытий и покрытий из инженерной доски) и покрытий из линолеума, рулонных на основе синтетических волокон из поливинилхлоридных и сверхтвердых древесно- волокнистых плит не более 2мм",,,
floor-wood-cluses-between-the-elements,floor-wood,check,Уступы между элементами,Уступы между смежными элементами покрытия пола (ламинат/паркет),"Нарушение требований СП 71.13330.2017, табл. 8.15 Уступы между смежными изделиями покрытий из штучных материалов дощатых, паркетных, в том числе ламинированных напольных покрытий и покрытий из инженерной доски, из линолеума, поливинилхлоридных и сверхтвердых древесно- волокнистых плит, поливинилхлоридного пластика - не допускаются",,,
floor-wood-mechanical-damage,floor-wood,check,Механические повреждения,Механические повреждения на напольном покрытии,"Нарушение требований СП 71.13330.2017, табл. 8.15 Поверхности покрытия не должны иметь выбоин, трещин, волн, вздутий, приподнятых кромок. Цвет покрытия должен соответствовать проектному",,,
floor-wood-bloating-of-laminate,floor-wood,check,Вздутие ламината,Вздутие на кромках ламината,"Нарушение требований СП 71.13330.2017, табл. 8.15 Поверхности покрытия не должны иметь выбоин, трещин, волн, вздутий, приподнятых кромок. Цвет покрытия должен соответствовать проектному",,,
floor-wood-pollution-floor,floor-wood,check,Загрязнения. Пол,Загрязнения на поверхности элементов пола,"Нарушение требований СП 71.13330.2017, табл. 8.15 Поверхности покрытия не должны иметь выбоин, трещин, волн, вздутий, приподнятых кромок. Цвет покрытия должен соответствовать проектному",,,
floor-wood-gap-with-leinthus,floor-wood,check,Зазор пола с линтусом,Зазоры между напольным плинтусом и полом,"Нарушение требований СП 71.13330.2017, табл. 8.15 Зазоры и щели между плинтусами и покрытием пола, между смежными кромками полотнищ линолеума, ковров, рулонных материалов и плиток (ПВХ)- не допускаются",,,
floor-wood-laminet-subsidence-parquet,floor-wood,check,Просадка ламината/паркета,Прогибы покрытия пола при нагрузке до 2кН (203кг) свыше 2мм,"Нарушение требований СП 29.13330.2011, п. 4.11 Полы в зданиях должны обладать необходимой несущей способностью и не быть ""зыбкими"". Прогибы при сосредоточенной нагрузке, равной 2 кН в жилых зданиях, 5 кН в общественных, административных, производственных и складских зданиях не должны превышать 2 мм.",,,
floor-wood-scratches-of-the-rock,floor-wood,check,Царапины порожка,Царапины на порожке (профиле) в проеме межкомнатной двери,"Нарушение требований ГОСТ 8617-2018, п. 6.7 Поверхность профилей не должна иметь трещин, расслоений, пузырей, неметаллических включений, светловин и пятен коррозионного происхождения. При обнаружении упомянутых дефектов на поверхности профиля профиль бракуется.",,,
floor-keramica,,section,Пол. Плитка,Пол плитка/керамогранит,,,,
floor-keramica-voids-under-the-tile,floor-keramica,check,Пустоты под плиткой,Изменение характера звучания под напольной плиткой,"Нарушение требований СП 71.13330.2017, Таблица 8.15 При проверке сцепления монолитных покрытий и покрытий из жестких плиточных материалов с нижележащими элементами пола простукиванием, не должно быть изменения характера звучания",,,
floor-keramica-tile-coating-defect,floor-keramica,check,Дефект покрытия плитки,"Сколы, трещины, окалины на напольной плитке","Нарушение требований ГОСТ 13996-2019, п. 6.1.3 Не менее 95% керамических плиток должны быть без видимых дефектов, влияющих на внешний вид лицевой поверхности. Перечень дефектов приведен в приложении В.",,,
floor-keramica-deviation-from-horizontal,floor-keramica,check,Отклонение от горизонтали,Отклонение поверхности пола (плитка) от горизонтальной плоскости более 4 мм на 2 м,"Нарушение требований СП 71.13330.2017, Таблица 8.15 Отклонения поверхности покрытия от плоскости при проверке двухметровой контрольной рейкой: - песчаных, мозаично-бетонных, асфальтобетонных, керамических, каменных, шлакоситалловых – не более 4мм на 2 м.",,,
floor-keramica-cluses-between-tiles,floor-keramica,check,Уступы между плитками,Уступы между смежными плитками облицовки пола превышают 1 мм,"Нарушение требований СП 71.13330.2017, табл. 8.15 Уступы между смежными изделиями покрытий из керамических (керамогранитных), каменных, цементно-песчаных, мозаично- бетонных, шлакоситалловых плит - не более 1мм",,,
floor-keramica-the-width-of-the-tile-seam,floor-keramica,check,Ширина плиточного шва,Межплиточные швы облицовки стен не равномерны; местами имеют разную ширину. Отклонения ширины швов превышают +/- 0.5 мм,"Нарушение требований СП 71.13330.2017, п. 7.4.13 Швы облицовки должны быть ровными, одинаковой ширины. Через сутки после твердения или полимеризации материалов (допускается сокращение технологической паузы, если это предусмотрено ППР или требованием производителя материала клеевой прослойки), применяемых для устройства облицовки, швы должны быть заполнены специальными шовными материалами (затирками) по ГОСТ Р 58271. Перед началом выполнения работ по заполнению швов облицовки необходимо убедиться в совместимости состава затирки с камнем облицовки.",,,
floor-keramica-floor-gap-with-skirting,floor-keramica,check,Зазор пола с плинтусом,Зазоры между напольным плинтусом и полом,"Нарушение требований СП 71.13330.2017, табл. 8.15 Зазоры и щели между плинтусами и покрытием пола, между смежными кромками полотнищ линолеума, ковров, рулонных материалов и плиток (ПВХ)- не допускаются",,,
floor-keramica-non--cash-grout,floor-keramica,check,Некачесвенная затирка,Наплывы в затирочных швах настенной плитки,"Нарушение требований СП 71.13330.2017, п. 7.4.13 Швы облицовки должны быть ровными, одинаковой ширины. Через сутки после твердения или полимеризации материалов (допускается сокращение технологической паузы, если это предусмотрено ППР или требованием производителя материала клеевой прослойки), применяемых для устройства облицовки, швы должны быть заполнены специальными шовными материалами (затирками) по ГОСТ Р 58271. Перед началом выполнения работ по заполнению швов облицовки необходимо убедиться в совместимости состава затирки с камнем облицовки.",,,
otkos,,section,Откосы,Откосы,,,,
otkos-deviation-from-the-vertical,otkos,check,Отклонение от вертикали,Отклонение оконного откоса от вертикали свыше 2мм/1 метр или свыше 5мм на весь элемнт,"Нарушение требований СП 71.13330.2017 Таблица 7.4 Отклонение оконных и дверных откосов, пилястр, столбов и т.п. от вертикали и горизонтали не более 2мм на 1м, но не более 5 мм на весь элемент",,,
otkos-defects-on-the-surface,otkos,check,Дефекты на поверхности,"Наличие царапин, раковин, задиров, следов от инструмента на поверхности откоса","Нарушение требований СП 71.13330.2017 Таблица 7.5 Не допускается наличие царапин, раковин, задиров, следов от инструмента (сплошной визуальный осмотр). Тени от бокового света не допускаются (сплошная визуальная оценка с помощью ручного бокового светильника)",,,
otkos-poor--quality-painting,otkos,check,Некачественная покраска,"Некачественная покраска откоса (Полосы, пятна, подтеки, мусор, брызги, исправления, выделяющиеся на общем фоне)","Нарушение требований СП 71.13330.2017, таблица 7.7 Полосы, пятна, подтеки, брызги, исправления, выделяющиеся на общем фоне - не допускаются для жилых и общественных помещений.",,,
otkos-mold,otkos,check,Плесень,Очаги плесени на откосе,"Нарушение требований ГОСТ 30494-2011, таблица 1 не соблюдены оптимальные и допустимые нормы температуры, относительной влажности и скорости движения воздуха",,,
pvh-window,,section,ПВХ окно,ПВХ оконный блок,,,,
pvh-window-scratches-on-the-double--glazed-window,pvh-window,check,Царапины на стеклопакете,Царапины на стелкопакете свыше 75мм на 1м2,"Нарушение требований ГОСТ 31364-2014, 5.1.1 На покрытии допускаются волосяные царапины суммарной длиной не более 75мм на 1м2",,,
"pvh-window-scale,-marriage-on-the-double--glazed-window",pvh-window,check,"Окалины, брак на стеклопакете","Пороки (окалины, брак) на стеклопакете","Нарушение требований ГОСТ 111-2014, 5.1.2 пороки размером св. 0.5мм до 1мм - допускается 1шт. На плозадь стекла 5м2, 2 шт на площадь стекла св. 5м2 до 10м2. Размером св. 1,0мм до 3,0мм включ. Допускается 1шт. На площадь стекла св. 5м2 до 10м2.",,,
pvh-window-defects-of-the-windowsill,pvh-window,check,Дефекты подоконника,Механические повреждения на подоконнике оконного блока,"Нарушение требований ГОСТ 34378-2018 Таблица Л.1 Отсутствие повреждений, сколов, вмятин, вздутий, отслоений.",,,
pvh-window-the-slope-of-the-windowsill,pvh-window,check,Уклон подоконника,Подоконник смонтирован с уклоном более 1%,Нарушение требований ГОСТ 34378-2018 Таблица Ж.1 Уклон подоконной доски в сторону помещения не должен превышать 1%.,,,
pvh-window-the-slope-of-the-plum,pvh-window,check,Уклон слива,Оконный отлив имеет недостаточный уклон,Нарушение требований ГОСТ 34378-2018 Таблица Ж.1 Угол наклона слива (в сторону улицы) не менее 10%.,,,
pvh-window-pvc-proper-suture-crack,pvh-window,check,Трещина сварного шва ПВХ профиля,Трещины в сварных швах ПВХ оконного блока,"Нарушение требований ГОСТ 30674-99 5.3.5 Сварные швы не должны иметь поджогов, непроваренных участков, трещин",,,
pvh-window-pvc-surface-defects,pvh-window,check,Дефекты поверхности ПВХ,"Сколы, царапины на ПВХ профиле створок и рам оконного блока","Нарушение требований ГОСТ 30674-99 5.3.5 Внешний вид изделий: цвет, глянец, допустимые дефекты поверхности ПВХ профилей (риски, царапины, усадочные раковины и др.) должен соответствовать образцам-эталонам, утвержденным руководителем предприятия - изготовителя изделий. 7.2.4 Внешний вид и цвет изделий (в том числе в местах сварных швов) оценивают путем сравнения с образцами-эталонами, утвержденными в установленном порядке. Разность цвета, глянца и дефекты поверхности, различимые невооруженным глазом с расстояния (0,6—0,8) м при естественном освещении не менее 300 лк, не допускаются.",,,
pvh-window-deviation-from-the-vertical-pvc-frame,pvh-window,check,Отклонение от вертикали ПВХ рамы,Отклонение от вертикали оконного блока свыше 1.5мм на 1 метр или 3 мм на высоту изделия,"Нраушение требований ГОСТ 30674-99 Г.6 Оконные блоки следует устанавливать по уровню. Отклонение от вертикали и горизонтали сторон коробок смонтированных изделий не должны превышать 1,5 мм на 1 м длины, но не более 3 мм на высоту изделия.",,,
pvh-window-sakes-sagged,pvh-window,check,Провисли створки,"Провисание створок превышает 1,5 мм на 1 м","Нарушение требований ГОСТ 30674—99 5.2.6 Провисание открывающихся элементов (створок, полотен, форточек) в собранном изделии не должно превышать 1,5 мм на I м ширины.",,,
pvh-window-the-pen-is-jamming,pvh-window,check,Заедает ручка,Тяжелый ход ручки оконной створки,"Нарушение требований ГОСТ 30674—99 5.8.5 Запирающие приборы должны обеспечивать надежное запирание открывающихся элементов изделий. Открывание и закрывание должно происходить легко, плавно, без заеданий. Ручки и засовы приборов нс должны самопроизвольно перемещаться из положения «открыто* или «закрыто».",,,
pvh-window-the-sash-hurts-the-frame,pvh-window,check,Створка задевает раму,При закрываении створка задевает оконную раму,"Нарушение требований ГОСТ 30674—99 5.8.5 Запирающие приборы должны обеспечивать надежное запирание открывающихся элементов изделий. Открывание и закрывание должно происходить легко, плавно, без заеданий. Ручки и засовы приборов нс должны самопроизвольно перемещаться из положения «открыто* или «закрыто».",,,
pvh-window-there-is-no-pen,pvh-window,check,Отсутствует ручка,Отсутствует ручка на оконной створке,"Нарушение требований ГОСТ 30674—99 5.10.2 Готовые изделия должны иметь установленные приборы, стеклопакеты, уплотнительные прокладки и защитную пленку на лицевых поверхностях",,,
pvh-window-there-are-no-plugs-of-loops,pvh-window,check,Отсутствуют заглушки петель,отсутствуют заглушки оконных петель,"Нарушение требований ГОСТ 30674—99 5.10.2 Готовые изделия должны иметь установленные приборы, стеклопакеты, уплотнительные прокладки и защитную пленку на лицевых поверхностях",,,
pvh-window-torn-zamyati-seal,pvh-window,check,Порван/замят уплотнитель,Порван/замят уплотнитель на оконной раме/створке,"Нарушение требований ГОСТ 30778-2001 8.3 Монтаж уплотнителей должен производиться без перекосов, скручиваний и механических повреждений, без рывков и ударов.",,,
pvh-window-there-are-no-droppers---spilling-holes,pvh-window,check,Отсутствуют капельники / водосливные отверстия,На ПВХ раме с фасадной стороны отсутствуют капельники/водосливные отверстия,"Нарушение требований ГОСТ 30674-99 5.9.6 Нижние профили коробок и горизонтальные импосты должны иметь не менее двух водосливных отверстий размером не менее (5x20) мм, расстояние между которыми должно быть не более 600 мм. Водосливные отверстия должны быть смешены в стенках профиля не менее чем на 50 мм. Отверстия не должны иметь заусенцев, препятствующих отводу воды. При системах со средним уплотнением прорези должны находиться перед средним уплотнением с наружной стороны. На лицевой поверхности коробки отверстия должны быть защищены декоративными козырьками.",,,
pvh-window-torn-not-glued-vapor-barrier,pvh-window,check,Порвана/не проклеена пароизоляция,По периметру монтажного шва оконного блока пароизоляция имеет непроклееные/порванные участки,"Нарушение требований ГОСТ 30971-2012 А.4.3 Пароизоляционные материалы по внутреннему контуру монтажного зазора должны быть уложены непрерывно, без пропусков, разрывов и непроклеенных участков.",,,
pvh-window-there-is-no-psul-sealant-of-pvc-frame-from-the-facade,pvh-window,check,Отсутствует ПСУЛ/герметик пвх рамы с фасада,Примыкания оконного блока к фасаду не имеет герметизации или устройства псул ленты,"Нарушение требований ГОСТ 30971-2012 5.1.3 наружный слой герметизации - обеспечение диффузии влаги из монтажного шва и защиты от атмосферных воздействий (дождевой влаги, ультрафиолетового излучения, ветра);",,,
pvh-window-the-width-of-the-foamy-seam,pvh-window,check,Ширина пенного шва,Ширина пенного шва в монтажном зазоре оконной ПВХ рамы менее 15мм или более 60мм,"Нарушение требований ГОСТ 30971-2012 А.3.2 В качестве материалов центрального слоя используют, как правило, пенополиуретаны. Оптимальная ширина слоя пенного уплотнителя составляет 15-60 мм",,,
pvh-window-blowing-the-wings-(loose-clamp),pvh-window,check,Продувание створок (неплотный прижим),Инфильтрация наружного воздуха через неплотно прижатую створку оконного блока,Нарушение требований ГОСТ 23166-2021 5.9.67 Конструкции запирающих приборов и петель должны обеспечивать плотный и равномерный обжимы прокладок по всему контуру уплотнения в притворах.,,,
pvh-window-infiltration-through-the-installation-seam,pvh-window,check,Инфильтрация через монтажный шов,Продувание (инфильтрация) монтажного шва оконного блока ввиду некачевтенного монтажа,"Нарушение требований ГОСТ 30674-99 5.1.9 Общее конструктивное решение узла примыкания (включая монтажный шов, элементы дополнительной атмосферозащиты, отделку откосов, а также все другие элементы, обеспечивающие сопряжение оконного блока с проемом в законченном виде) должно исключать возможность инфильтрации холодного воздуха через монтажные швы в зимнее время (сквозное продувание).",,,
pvh-window-zozora-in-pvc-frame-connections,pvh-window,check,Зозоры в соединениях ПВХ рамы,"Зазоры в смежных элементах ПВХ оконной рамы свыше 0,5мм","Нарушение требований ГОСТ 30674—99 5.9.3 Угловые и Т-образные соединения профилей должны быть герметичными. Допускается уплотнение механических соединений ПВХ профилей атмосферостойкими эластичными прокладками. Зазоры до 0,5 мм допускается заделывать специальными герметиками, не ухудшающими внешний вид изделий и обеспечивающими защиту соединений от проникновения влаги.",,,
alluminium-window,,section,Алюминиевое окно,Алюминиевый оконный блок,,,,
alluminium-window-scratches-on-the-double--glazed-window,alluminium-window,check,Царапины на стеклопакете,Царапины на стелкопакете свыше 75мм на 1м2,"Нарушение требований ГОСТ 31364-2014, 5.1.1 На покрытии допускаются волосяные царапины суммарной длиной не более 75мм на 1м2",,,
"alluminium-window-scale,-marriage-on-the-double--glazed-window",alluminium-window,check,"Окалины, брак на стеклопакете","Пороки (окалины, брак) на стеклопакете","Нарушение требований ГОСТ 111-2014, 5.1.2 пороки размером св. 0.5мм до 1мм - допускается 1шт. На плозадь стекла 5м2, 2 шт на площадь стекла св. 5м2 до 10м2. Размером св. 1,0мм до 3,0мм включ. Допускается 1шт. На площадь стекла св. 5м2 до 10м2.",,,
alluminium-window-defects-of-the-windowsill,alluminium-window,check,Дефекты подоконника,Механические повреждения на подоконнике оконного блока,"Нарушение требований ГОСТ 34378-2018 Таблица Л.1 Отсутствие повреждений, сколов, вмятин, вздутий, отслоений.",,,
alluminium-window-the-slope-of-the-windowsill,alluminium-window,check,Уклон подоконника,Подоконник смонтирован с уклоном более 1%,Нарушение требований ГОСТ 34378-2018 Таблица Ж.1 Уклон подоконной доски в сторону помещения не должен превышать 1%.,,,
alluminium-window-the-slope-of-the-plum,alluminium-window,check,Уклон слива,Оконный отлив имеет недостаточный уклон,Нарушение требований ГОСТ 34378-2018 Таблица Ж.1 Угол наклона слива (в сторону улицы) не менее 10%.,,,
alluminium-window-surface-defects,alluminium-window,check,Дефекты поверхности,Механические повреждения на алюминиевом профиле рамы и створок холодного остекления,"Нарушение требований ГОСТ 21519-2022 5.2.25 Внешний вид изделий (цвет, глянец, текстура) должен соответствовать образцам-эталонам в соответствии с ГОСТ 15.309, утвержденным руководителем предприятия-изготовителя.",,,
alluminium-window-the-sash-hurts-the-frame,alluminium-window,check,Створка задевает раму,Створки задевают раму оконного блока при открытии и закрытии,"Нарушение требований ГОСТ 21519-2022 8.3 Створка (полотно) изделия должна открываться плавно, без заеданий. Корректность работы фурнитуры и петель проверяют пятиразовым открыванием и закрыванием створки в соответствии с функциональными требованиями к применяемой фурнитуре.",,,
alluminium-window-torn-zamyati-seal,alluminium-window,check,Порван/замят уплотнитель,Порван/замят уплотнитель на оконной раме/створке,"Нарушение требований ГОСТ 21519-2022 5.2.13 Уплотнение притворов створок выполняют с помощью эластичных полимерных уплотняющих прокладок по ГОСТ 30778, установленных плотно в пазы профилей по всему периметру притвора. ГОСТ 30778-2001 8.3 Монтаж уплотнителей должен производиться без перекосов, скручиваний и механических повреждений, без рывков и ударов.",,,
alluminium-window-deviation-from-the-vertical-of-the-window-block,alluminium-window,check,Отклонение от вертикали оконного блока,Отклонение от вертикали оконного блока свыше 1.5мм на 1 метр или 3 мм на высоту изделия,"Нарушение требований ГОСТ 30971-2012 5.2.4 Швы монтажные узлов примыкания оконных блоков к стеновым проемам», где указано, что: «При определении монтажных зазоров необходимо учесть предельное отклонение от размеров коробок оконного блока. Отклонения от вертикали и горизонтали смонтированных оконных блоков не должны превышать 1,5 мм на 1 м длины, но не более 3 мм на высоту изделия.",,,
alluminium-window-gaps-in-adjacent-elements-of-the-window-block,alluminium-window,check,Зазоры в смежных элементах оконного блока,"Зозоры в местах угловых и Т-образных соединений элементов оконной рамы свыше 0,5мм","Нарушение требований ГОСТ 21519-2022 5.3.8 Перепад лицевых поверхностей (провес) в угловых и Т-образных соединениях смежных деталей коробок и створок, установка которых предусмотрена в одной плоскости, не должен превышать 0,5 мм. Зазоры в местах угловых и Т-образных соединений профилей не должны превышать 0,5 мм.",,,
alluminium-window-torn-not-glued-vapor-barrier,alluminium-window,check,Порвана/не проклеена пароизоляция,По периметру монтажного шва оконного блока пароизоляция имеет непроклееные/порванные участки,"Нарушение требований ГОСТ 30971-2012 А.4.3 Пароизоляционные материалы по внутреннему контуру монтажного зазора должны быть уложены непрерывно, без пропусков, разрывов и непроклеенных участков.",,,
alluminium-window-there-is-no-psul-sealant-of-pvc-frame-from-the-facade,alluminium-window,check,Отсутствует ПСУЛ/герметик пвх рамы с фасада,Примыкания оконного блока к фасаду не имеет герметизации или устройства псул ленты,"Нарушение требований ГОСТ 30971-2012 5.1.3 наружный слой герметизации - обеспечение диффузии влаги из монтажного шва и защиты от атмосферных воздействий (дождевой влаги, ультрафиолетового излучения, ветра);",,,
alluminium-window-the-width-of-the-foamy-seam,alluminium-window,check,Ширина пенного шва,Ширина пенного шва в монтажном зазоре оконной ПВХ рамы менее 15мм или более 60мм,"Нарушение требований ГОСТ 30971-2012 А.3.2 В качестве материалов центрального слоя используют, как правило, пенополиуретаны. Оптимальная ширина слоя пенного уплотнителя составляет 15-60 мм",,,
alluminium-window-blowing-the-wings-(loose-clamp),alluminium-window,check,Продувание створок (неплотный прижим),Инфильтрация наружного воздуха через неплотно прижатую створку оконного блока,Нарушение требований ГОСТ 23166-2021 5.9.67 Конструкции запирающих приборов и петель должны обеспечивать плотный и равномерный обжимы прокладок по всему контуру уплотнения в притворах.,,,
alluminium-window-infiltration-through-the-installation-seam,alluminium-window,check,Инфильтрация через монтажный шов,Продувание (инфильтрация) монтажного шва оконного блока ввиду некачевтенного монтажа,"Нарушение требований ГОСТ 30674-99 5.1.9 Общее конструктивное решение узла примыкания (включая монтажный шов, элементы дополнительной атмосферозащиты, отделку откосов, а также все другие элементы, обеспечивающие сопряжение оконного блока с проемом в законченном виде) должно исключать возможность инфильтрации холодного воздуха через монтажные швы в зимнее время (сквозное продувание).",,,
alluminium-window-there-are-no-plugs-of-loops,alluminium-window,check,Отсутствуют заглушки петель,отсутствуют заглушки оконных петель,"Нарушение требований ГОСТ 21519-2022 5.7.1 Изделия должны иметь полную заводскую готовность: установленные запирающие приборы, петли, стекла/стеклопакеты, уплотняющие прокладки, законченную отделку поверхности, защитную пленку на лицевых поверхностях.",,,
alluminium-window-there-is-no-pen,alluminium-window,check,Отсутствует ручка,Остутствует ручка на оконной створке,"Нарушение требований ГОСТ 21519-2022 5.7.1 Изделия должны иметь полную заводскую готовность: установленные запирающие приборы, петли, стекла/стеклопакеты, уплотняющие прокладки, законченную отделку поверхности, защитную пленку на лицевых поверхностях.",,,
room-door,,section,Дверь. Межкомнатная,Межкомнатная дверь,,,,
room-door-mechanical-damage,room-door,check,Механические повреждения,"Механические повреждения на полотне межкомнатной двери, коробки межкомнатной двери","Нарушение требований ГОСТ 475-2016 5.6.4 Лицевые поверхности дверных блоков не должны иметь трещин, заусенцев, механических повреждений.",,,
room-door-deviation-from-the-vertical-plane,room-door,check,Отклонение от вертикальной плоскости,"Отклонение от вертикальной плоскости коробки межкомнатной двери более 1,5 мм на 1 м","Нарушение требований СТО НОСТРОЙ 2.11.161-2014 7.7 Отклонение установленных дверных блоков от вертикали и горизонтали в плоскости и из плоскости проема должно быть не более 1,5 мм на 1 м длины.",,,
room-door-the-gaps-between-the-elements,room-door,check,Зазоры между элементами,"Зазоры между смежными элементами коробки межкомнатной двери более 0,3 мм","Нарушение требований ГОСТ 475-2016 5.3.7 Зазоры в местах неподвижных соединений элементов дверных блоков не должны быть более 0,3 мм.",,,
room-door-the-canvas-touches-the-box,room-door,check,Полотно задевает коробку,При открывании/закрывании полотно упирается в коробку межкомнатной двери,"Нарушение требований ГОСТ 475-2016 5.4.2 Смонтированные дверные блоки независимо от числа полотен и способа открывания должны открываться и закрываться легко, без заеданий, а также фиксироваться в закрытом положении.",,,
room-door-distribution-of-the-canvas,room-door,check,Перекос полотна,"Отклонение торца полотна/полотна/коробки двери от прямолинейности более 2,0 мм","Нарушение требований ГОСТ 475-2016, 5.3.4 Дверные блоки, их сборочные единицы и детали должны иметь правильную геометрическую форму.Отклонения от плоскостности и прямолинейности сторон дверных блоков и их сборочных единиц не должны превышать, мм, по высоте, ширине и диагонали элементов: - св. 1600 до 2500 мм - 2,0мм;",,,
room-door-deformation-of-the-seal,room-door,check,Деформация уплотнителя,Прван/замят уплотнитель коробки межкомнатной двери,"Нарушение требований ГОСТ 475-2016, 5.4.11 Уплотняющие прокладки должны быть надежно закреплены и не препятствовать закрыванию дверей. Прилегание уплотняющих прокладок должно быть плотным, без разрывов. Уплотняющие прокладки следует устанавливать непрерывно по всему периметру притвора. Зазоры в стыках прокладок не допускаются",,,
room-door-the-lock-dog-does-not-function,room-door,check,Не функционирует замок/собачка,Замок/собачка замка не функционирует (не закрывается/упирается в коробку),"Нарушение требований СТО НОСТРОЙ 2.11.161-2014, 7.16 На смонтированной двери должны быть отрегулированы дверные приборы, все устройства для открывания и закрывания дверей, что должно обеспечить соответствие дверного блока требованиям ГОСТ 475 (свободное, без заеданий, открывание и закрывание дверей; надежность фиксации полотна в закрытом положении; надежность фиксации в пазах; плотность прилегания уплотнительных прокладок и т.п.).",,,
main-door,,section,Дверь. Входная,Дверь входная,,,,
main-door-mechanical-damage,main-door,check,Механические повреждения,"Механические повреждения на коробке входной двери, полотне","Нарушение требований ГОСТ 31173-2016, п. 5.6.6 Лицевые поверхности дверных блоков не должны иметь трещин, заусенцев, механических повреждений. Дефекты поверхности, различимые невооруженным глазом с расстояния 1,5 м при естественном освещении не менее 300 лк, не допускаются. Кромки отверстий не должны иметь заусенцев и неровностей.",,,
main-door-deviation-from-the-plane,main-door,check,Отклонение от плоскости,"Отклонение от вертикальной плоскости коробки входной двери более 1,5 мм на 1 м","Нарушение требований ГОСТ 31173-2016, п. Г.6 Дверные блоки следует устанавливать по уровню и отвесу. Отклонение от вертикали и горизонтали профилей коробок смонтированных изделий не должно превышать 1,5 мм на 1 м длины, но не более 3 мм на высоту изделия. В случае если противоположные профили отклонены в разные стороны (""скручивание"" коробки), их суммарное отклонение от нормали не должно превышать 3 мм.",,,
main-door-the-door-hurts-the-box,main-door,check,Дверь задевает коробку,Полотно входной двери задевает коробку при открытии закрытии,"Нарушение требований, ГОСТ 31173-2016, п. 5.5.4 Запирающие устройства должны обеспечивать надежное запирание открывающихся элементов дверных блоков. Открывание и закрывание должны происходить легко, плавно, без заеданий.",,,
main-door-seal-damage-no-sealing,main-door,check,Повреждение уплотнителя/отсутствует уплотнитель,Уплотнитель входной двери поврежден/отсутствует,"Нарушение требований ГОСТ 31173-2016, п. 5.1.8 Уплотняющие прокладки должны соответствовать ГОСТ 30778 и устанавливаться по всему периметру притвора. Уплотняющие прокладки для наружных дверных блоков должны быть стойкими к климатическим и атмосферным воздействиям и испытаны на долговечность в испытательных центрах, аккредитованных на право проведения таких испытаний",,,
main-door-doors-skew,main-door,check,Перекос двери,"Отклонение от прямолинейности полотна/дверной коробки более 1, мм на 1,0 м","Нарушение требований ГОСТ 31173-2016, п. 5.2.6 Отклонение от прямолинейности кромок дверных полотен и коробок не должно превышать 1.0 мм на 1,0 м длины.",,,
main-door-seen-of-the-castle,main-door,check,Заедание замка,При провороте личинки механизм замка заедает,"Нарушение требований ГОСТ 31173-2016, п. 5.5.4 Запирающие устройства должны обеспечивать надежное запирание открывающихся элементов дверных блоков. Открывание и закрывание должны происходить легко, плавно, без заеданий.",,,
main-door-air-infiltration-through-the-bait,main-door,check,Инфильтрация воздуха через притвор,Инфильтрация холодного воздуха через закрытую дверь,"Нарушение требований ГОСТ 31173-2016, п. 5.5.5 Конструкции запирающих устройств и петель должны обеспечивать плотный и равномерный обжим уплотняющих прокладок по всему контуру уплотнения в притворах.",,,
heat,,section,Отопление,Система отопления,,,,
heat-mechanical-damage-to-the-radiator,heat,check,Механические повреждения радиатора,"Сколы, вмятины, повреждения ЛКП на радиаторе отопления","Нарушение требований ГОСТ 31311-2005 5.6 Поверхности отопительных приборов не должны иметь заусенцев, острых кромок и других дефектов, которые могут травмировать людей.",,,
"heat-pipes-traces-from-the-brush-on-the-paint,-stripes",heat,check,"Трубы. Следы от кисти на краске, полосы","Некачесвтенная окраска труб отопления (следы от кисти, полосы, подтеки, неровности)","Нарушение требований СП 71.13330.2017 Таблица 7.7 Поверхности, окрашенные безводными составами: Полосы, пятна, подтеки, брызги, следы от кисти или валика, неровности - не допускаются. Отличия по цвету - в пределах одного тона по каталогу (палитре) производителя.",,,
heat-corrosion,heat,check,Коррозия,Наличие коррозии на поверхности радиатора/труб/резьбовых соединений,"Нарушение требований ГОСТ 31311-2005 5.5. Отопительные приборы должны иметь термостойкое защитно-декоративное покрытие, обеспечивающее их защиту от коррозии.",,,
heat-there-are-no-sleeves,heat,check,Отсутствуют гильзы,Отсутствуют закладные гильзы в местах прохода труб отопления через перекрытие/стену,"Нарушение требований СП 73.13330.2016 п.6.1.14 «Трубопроводы в местах пересечения перекрытий, внутренних стен и перегородок должны проходить в гильзах из негорючих материалов таким образом, чтобы оставалась возможность их свободного осевого перемещения. Края гильз должны быть на одном уровне с поверхностями стен, перегородок и потолков и на 30 мм выше поверхности чистого пола. Узлы пересечения ограждающих строительных конструкций трубопроводами должны иметь предел огнестойкости не ниже требуемого предела, установленного для этих конструкций.»",,,
heat-leakage,heat,check,Протечка,"Разгерметизация мест соединений, течь воды","Нарушение требований Нарушение требований СП 73.13330.2016, п. 5.1.9 Узлы внутренних санитарно-технических систем должны быть испытаны на герметичность на месте их изготовления. Узлы трубопроводов систем отопления, теплоснабжения, внутреннего холодного и горячего водоснабжения, в том числе предназначенные для заделки в отопительные панели, вентили, краны, задвижки, грязевики, воздухосборники, элеваторы и т.п., необходимо подвергать испытанию гидростатическим (гидравлическим) или пузырьковым (пневматическим) методом в соответствии с ГОСТ 25136 и ГОСТ 24054.",,,
heat-violation-of-the-geometry-of-the-installation,heat,check,Нарушение геометрии установки,Не закреплены радиаторы отопления/отклонение от плоскости,"Нарушение требований СП 73.13330.2016 6.4.8 Отопительные приборы должны быть закреплены строго вертикально (по отвесу) или горизонтально (по уровню) на кронштейнах или подставках, изготовленных в соответствии со стандартами, техническими условиями или рабочей документацией.",,,
heat-there-is-no-thermostat,heat,check,Отсутствует терморегулятор,Не установлен терморегулятор радиатора отопления,Нарушение требований СП 60.13330.2020 6.4.11 У отопительных приборов следует устанавливать регулирующую арматуру.,,,
heat-radiator-less-than-50%-window-opening,heat,check,Радиатор менее 50% оконного проема,Установлен радиатор отопления шириной менее 50% ширины оконного проема,"Нарушение требований СП 60.13330.2012, п. 6.4.4 Отопительные приборы следует размещать под световыми проемами в местах, доступных для осмотра, ремонта и очистки. Длину отопительного прибора следует определять расчетом и принимать не менее 50% - в жилых и общественных зданиях.",,,
heat-there-is-no-heating,heat,check,Отсутствует отопление,На момент осмотра отсутствует отопление,"Нарушение требований СП 54.13330.2012, п. 4.5 В жилых зданиях следует предусматривать: хозяйственно-питьевое и горячее водоснабжение, канализацию, водостоки, отопление, вентиляцию, противодымную защиту",,,
air,,section,Вентиляция,Вентиляция,,,,
air-kitchen-there-is-no-traction-reverse-traction,air,check,Кухня. Отсутствует тяга/обратная тяга,Отсутствует тяга в вентиляционном канале,"Нарушение требований ГОСТ Р 59972-2021, Таблица 22 Проектные значения расхода вытяжного воздуха для кухни для обычного использования не менее 60 м3/ч",,,
air-bathroom-there-is-no-traction-reverse-traction,air,check,Ванная. Отсутствует тяга/обратная тяга,Отсутствует тяга в вентиляционном канале,"Нарушение требований ГОСТ Р 59972-2021, Таблица 22 Проектные значения расхода вытяжного воздуха для ванной для обычного использования не менее 50 м3/ч",,,
air-damage-to-the-lattice,air,check,Повреждения решетки,Механические повреждения на вентиляционной решетки,"Нарушение требований ГОСТ 13448-82, п. 2.3. На поверхности решетки не должно быть трещин, вздутий и наплывов, кромки решетки должны быть ровными, без заусенцев и щербин, на лицевой стороне не должно быть царапин, видимых с расстояния 1 м от поверхности решетки",,,
water,,section,Водоснабжение,Водоснабжение/сантехника,,,,
water-pvc-riser-fireslair-coupling,water,check,ПВХ стояк. Противопожарная муфта,Отсутствует/не закреплена противопожарная муфта на канализационном стояке,"Нарушение требований СП 73.13330.2016, п.6.1.14 Трубопроводы в местах пересечения перекрытий, внутренних стен и перегородок должны проходить в гильзах из негорючих материалов",,,
water-cast-iron-riser-non--combustible-filling,water,check,Чугунный стояк. Негорючее заполнение,В месте прохода чугунного канализационного стояка через плиту перекрытия отсутствует заполнение зазоров негорючим материалом,"Нарушение требований СП 30.13330.2020, п. 11.5 В местах пересечения трубопроводами внутренних стен, перегородок, перекрытий следует предусматривать гильзы из полимерных или металлических труб. Зазор между трубой и гильзой следует заполнить негорючим гидрофобным материалом, допускающим перемещение трубы вдоль продольной оси.",,,
water-there-is-no-hchs,water,check,Отсутствует ХГВС,На момент осмотра отсутствует водоснабжение,"Нарушение требований СП 54.13330.2012, п. 4.5 В жилых зданиях следует предусматривать: хозяйственно-питьевое и горячее водоснабжение, канализацию, водостоки, отопление, вентиляцию, противодымную защиту",,,
water-detailed-joints-are-shut,water,check,Заделаны разъемные соединения,Разъемные (резьбовые) соединения трубопровода заделаны и не имеют доступа для обслуживания,"Нарушение требований СП 40-102-2000, п 3.3.4 Разъемные соединения предусматриваются в местах установки на трубопроводе арматуры и присоединения к оборудованию и для возможности демонтажа элементов трубопровода в процессе эксплуатации. Эти соединения должны быть расположены в местах, доступных для осмотра и ремонта.",,,
water-the-metering-device-is-faulty,water,check,Неисправен прибор учета,Неисправен прибор учета расхода воды,,,,
water-detailed-joints-are-shut,water,check,Заделаны разъемные соединения,Разъемные (резьбовые) соединения трубопровода заделаны и не имеют доступа для обслуживания,"Нарушение требований СП 40-102-2000, п 3.3.4 Разъемные соединения предусматриваются в местах установки на трубопроводе арматуры и присоединения к оборудованию и для возможности демонтажа элементов трубопровода в процессе эксплуатации. Эти соединения должны быть расположены в местах, доступных для осмотра и ремонта.",,,
water-the-faucets-are-not-fixed,water,check,Не закреплены смесители,Не закреплен смеситель,,,,
water-pipe-leaks-cranes,water,check,Протечка труб/кранов,Течь в резьбовом воединении системы ХГВС,"Нарушение требований Нарушение требований СП 73.13330.2016, п. 5.1.9 Узлы внутренних санитарно-технических систем должны быть испытаны на герметичность на месте их изготовления. Узлы трубопроводов систем отопления, теплоснабжения, внутреннего холодного и горячего водоснабжения, в том числе предназначенные для заделки в отопительные панели, вентили, краны, задвижки, грязевики, воздухосборники, элеваторы и т.п., необходимо подвергать испытанию гидростатическим (гидравлическим) или пузырьковым (пневматическим) методом в соответствии с ГОСТ 25136 и ГОСТ 24054.",,,
water-plum-leakage-siphon,water,check,Протечка слива/сифонов,Протечка системы слива/перелива,"Нарушение требований ГОСТ 23289-2016, п. 6.2.10 Сифоны в собранном виде с выпусками и соединения выпусков и крышек переливов с санитарно-техническими приборами должны быть герметичными при давлении воды 0,01 МПа или воздуха при давлении 0,005 МПа при погружении проверяемого изделия в емкость с водой.",,,
water-mechanical-damage-to-plumbing-equipment,water,check,Механические повреждения сантех оборудования,Повреждение на ванне/раковине/унитазе,"Нарушение требований ГОСТ 20.39.108-85, п. 1.4 Требования технической эстетики устанавливают в виде требований по обеспечению художественно-конструкторского проектирования изделия (группы изделий) с целью оптимальной реализации в структуре и форме изделий функциональных, технико-конструктивных, эргономических и эстетических требований, а также в виде эстетических требований к характеристикам внешнего строения конкретного изделия с целью достижения высокого уровня художественной выразительности, рациональности формы и целостности композиции изделий и интерьеров обитаемых помещений.",,,
water-mechanical-damage-to-the-mixers,water,check,Механические повреждения смесителей,Механическое повреждение на смесителе,"Нарушение требований ГОСТ 19681-2016, п. 5.2.24 Защитно-декоративное гальваническое покрытие должно быть сплошным, не иметь отслаивания покрытия, трещин, царапин, забоин и других дефектов.",,,
water-there-is-no-fire-hose,water,check,Отсутствует пожарный шланг,Отсутствует пожарный шланг,,,,
water-ball-valve-is-faulty,water,check,Неисправен шаровый кран,Шаровый кран заедает/не работает,Нарушение требований СП 30.1333.2020 п. 11.6 Конструкция водоразборной и запорной арматуры должна обеспечивать плавное открывание и закрываниепотока воды.,,,
water-the-verticality-of-the-sewer-riser,water,check,Вертикальность канализационного стояка,Канализационный стояк имеет отклонение от вертикали свыше 2мм на 1 метр,"Нарушение требований СП 73.13330.2016, п. 6.1.5 Вертикальные трубопроводы не должны иметь отклонение от вертикали более чем на 2 мм на 1 м длины.",,,
water-water-meter-in-an-inaccessible-place,water,check,Счетчик воды в недоступном месте,Счетчик ХВС/ГВС установлен в труднодоступном для снятия показаний месте,"Нарушение требований СП 30.1333.2020, п. 12.5 Счетчики холодной (горячей) воды следует устанавливать в удобном и легкодоступном помещении с искусственным и (или) естественным освещением и температурой воздуха не ниже 5°С. Счетчики необходимо размещать так, чтобы к ним был доступ для считывания показаний. Для счетчиков с массой более 25 кг должно быть предусмотрено достаточное пространство над счетчиками для установки подъемного механизма.",,,
water-there-is-no-counter,water,check,Отсутствует счетчик,Отсутствует счетчик ХВС/ГВС,"Нарушение требований СП 30.1333.2020, п. 12.1 Для вновь строящихся, реконструируемых и капитально ремонтируемых зданий с системами холодного и горячего водоснабжения следует предусматривать приборы измерения водопотребления (счетчики холодной и горячей воды), параметры которых должны соответствовать метрологическому классу В по ГОСТ Р 50193.1, [10] и требованиям настоящего раздела.",,,
water-there-is-no-filter-in-front-of-the-counter,water,check,Отсутствует фильтр перед счетчиком,Отсутствует фильтр перед счетчиком ХВС/ГВС,"Нарушение требований СП 30.1333.2020, п. 12.4 Перед счетчиками (по ходу движения воды) следует предусматривать установку механических или магнитно-механических фильтров.",,,
water-provation-on-the-toilet-cover,water,check,Провреждения на крышке унитаза,Царапины на крышке унитаза,"Нарушение требований ГОСТ 15062-2017, п. 5.6 Лицевая поверхность пластмассовых сидений должна быть ровной и гладкой. На них не допускаются трещины, наплывы, вздутия, заусенцы и облой по месту разъема формы.",,,
water-traces-of-corrosion,water,check,Следы коррозии,На трубах ХГВС выявлены очаги коррозии,"Нарушение требований СП 73.13330.2016, 5.1.13 Наружная поверхность узлов и деталей из труб, за исключением резьбовых соединений и поверхности зеркала фланца, должна быть покрыта грунтовкой, а резьбовая поверхность узлов и деталей - антикоррозионной смазкой на предприятии-изготовителе.",,,
water-there-is-no-waterproofing-under-the-bathroom,water,check,Отсутствует гидроизоляция под ванной,Отсутствует гидроизоляция под ванной/гидроизоляция не заведена на стены,"Нарушение требований СП 29.13330.2011, п. 7.2 Гидроизоляция от проникания сточных вод и других жидкостей должна быть непрерывной в конструкции пола, стенках и днищах лотков и каналов, над фундаментами под оборудование, а также в местах перехода пола к этим конструкциям. В местах примыкания пола к стенам, фундаментам под оборудование.",,,
water-garbage-in-a-plumbing-niche,water,check,Мусор в сантехнической нише,Мусор в сантехнической нише,,,,
water-damage-to-the-riser,water,check,Повреждение стояка,Механическое повреждение канализационного стояка (трещина/скол),,,,
electricity,,section,Электрика,Электрика/электроустановки,,,,
electricity-the-switch-key-sees,electricity,check,Заедает клавиша выключателя,Заедает клавиша выключателя освещения,"Нарушение требований ГОСТ 19761-81, п.1.3.5. Переключатели и выключатели должны обеспечивать: работу контактов в соответствии с электрическими схемами, приведенными в стандартах или ТУ на переключатели и выключатели конкретных типов; работу световой сигнализации (при ее наличии); пределы цветовых координат, силу светового потока, приходящегося на единицу площади проектируемой поверхности, цветовую температуру источника света, если эти требования установлены в стандартах или ТУ на переключатели и выключатели конкретных типов; работу электромагнитного спуска (при его наличии).",,,
electricity-switch-convised-the-phase-and-zero,electricity,check,Выключатель. Перепутана фаза и ноль,"Выключатель освещения размыкает ""ноль"" вместо ""фазы""","Нарушение требований ПУЭ-7, п. 6.6.28 В однофазных и трехфазных сетях с заземлённой нейтралью подключение однополюсных выключателей должно осуществляться только через фазный провод. При этом недопустимо отключение одного нулевого проводника без отключения фазного",,,
electricity-pollution-of-sockets,electricity,check,Загрязнение розеток,На розетках загрязнения от краски,,,,
electricity-pollution-of-grounding-contacts,electricity,check,Загрязнение контактов заземления,Отсутствует заземление в розетках ввиду загрезнения краской контактов заземления,"Нарушение требований ПУЭ-7, п. 1.7.51 Для защиты от поражения электрическим током в случае повреждения изоляции должны быть применены по отдельности или в сочетании следующие меры защиты при косвенном прикосновении: защитное заземление;",,,
electricity-classes-of-the-switch,electricity,check,Царапины выключателя,Царапины на выключателе освещения,"Нарушение требований ГОСТ 19761-81, 1.3.2. Внешний вид переключателей и выключателей должен соответствовать образцам внешнего вида, утвержденным в установленном порядке.",,,
electricity-there-is-no-potential-equalization,electricity,check,Отсутствует уравнивание потенциалов,Стояки ГВС и ХВС не подключены к системе уравнивания потенциалов.,"Нарушение требований ПУЭ-7, п.1.7.82 Основная система уравнивания потенциалов в электроустановках до 1 кВ должна соединять между собой следующие проводящие части: металлические водопроводные трубы в ванной комнате",,,
electricity-the-protective-cover-is-broken,electricity,check,Сломана защитная крышка,Сломана защитная крышка на розеточной группе,"Нарушение требований ГОСТ Р 51322.1-99, п. 10.2.1 Конструкция крышек и закрывающих пластин с дополнительными защитными изоляционными прокладками или перегородками должна обеспечивать такое крепление прокладки или перегородки к крышкам или закрывающим пластинам, или основанию соединителя, чтобы прокладки или перегородки нельзя было снять, не повредив соединитель; или крышки и закрывающие пластины должны иметь такую конструкцию, чтобы прокладки или перегородки нельзя было поставить в нерабочее положение, а при их отсутствии соединитель считался бы непригодным к эксплуатации или неукомплектованным, и таким образом была бы исключена возможность случайного прикосновения токоведущих частей к металлическим крышкам, например через винты даже в случае, если провод выпадет из контактного зажима.",,,
electricity-the-rcd-does-not-work,electricity,check,Не срабатывает УЗО,Не срабатывает автомат на тест утечки тока в розетках,"Нарушение требований ПУЭ-7, п. 7.1.71 Для защиты групповых линий, питающих штепсельные розетки для переносных электрических приборов, рекомендуется предусматривать устройства защитного отключения (УЗО).",,,
electricity-the-machine-does-not-work,electricity,check,Не срабатывает автомат,При тесте КЗ не срабатывает автомат,"Нарушение требований ПУЭ-7, п. 3.1.3 Аппараты защиты по своей отключающей способности должны соответствовать максимальному значению тока КЗ в начале защищаемого участка электрической сети",,,
electricity-there-is-no-selectivity-of-machine-guns,electricity,check,Отсутствует селективность автоматов,Номинал автоматов не соответсвует селективности,"Нарушение требований ПУЭ-7, п. 3.1.8 Электрические сети должны иметь защиту от токов короткого замыкания, обеспечивающую по возможности наименьшее время отключения и требования селективности.",,,
electricity-incorrect-face-value-of-the-rcd,electricity,check,Некорректный номинал УЗО,При тесте утечки тока в квартире - срабатывает узо в электрощите в МОП,"Нарушение требований ПУЭ-7, 7.1.73 При установке УЗО последовательно должны выполняться требования селективности. При двух- и многоступенчатой схемах УЗО, расположенное ближе к источнику питания, должно иметь уставку и время срабатывания не менее чем в 3 раза большие, чем у УЗО, расположенного ближе к потребителю.",,,
electricity-there-is-no-phase-marking,electricity,check,Отсутствует фазная маркировка,Отсутсвует фазная маркировка на проводах,"Нарушение требований ПУЭ-7, п. 1.1.30 Буквенно-цифровые и цветовые обозначения одноименных шин в каждой электроустановке должны быть одинаковыми.",,,
electricity-there-is-no-electrical-panel,electricity,check,Отсутствует электрощит,В квартире отсутствует квартирный электрощит,,,,
electricity-there-is-no-grounding,electricity,check,Отсутствует заземление,В электрощине отсутствует заземление,"Нарушение требований ПУЭ-7, п. 1.7.51 Для защиты от поражения электрическим током в случае повреждения изоляции должны быть применены по отдельности или в сочетании следующие меры защиты при косвенном прикосновении: защитное заземление;",,,
common,,section,Общие замечания,Общие замечания,,,,
common-the-elevator-is-faulty,common,check,Неисправен лифт,На момент осмотра не работает лифт,,,,
common-there-is-no-intercom,common,check,Отсутствует домофон,На момент осмотра отсутствует домофон,,,,
common-there-is-no-doorbell,common,check,Отсутствует дверной звонок,На момент осмотра отсутствует дверной замок,,,,